Title,File Name,RT Rating,Rating,Date,Genre,Actors
1917,1917,88%,R,2019,History War,"George Mackay, Dean-Charles Chapman, Mark Strong"
21 Jump Street,21 JUMP STREET,82%,R,2012,Comedy Action,"Jonah Hill, Channing Tatum, Brie Larson"
27 Dresses,27 DRESSES,57%,PG-13,2008,Comedy Romance,"Katherine Heigl, James Marsden, Malin Akerman"
40 Year Old Virgin,40 YEAR OLD VIRGIN,84%,R,2005,Comedy Romance,"Steve Carell, Catherine Keener, Paul Rudd, Romany Malco, Seth Rogan, Elizabeth Banks"
50 First Dates,50 FIRST DATES,65%,PG-13,2004,Comedy Romance,"Adam Sandler, Drew Barrymore, Rob Schneider, Sean Astin"
50/50,50-50,88%,R,2011,Comedy Drama,"Joseph Goron-Levitt, Seth Rogen, Anna Kendrick, Bryce Dallas Howard, Philip Baker Hall, Anjelica Huston"
9 to 5,9 TO 5,74%,PG,1980,Comedy,"Jane Fonda, Lily Tomlin, Dolly Parton, Dabney Coleman"
A Beautiful Day in the Neighborhood,A BEAUTIFUL DAY IN NEIGHBORHOOD,92%,PG,2019,Drama Biography,"Tom Hanks,Matthew Rhys, Susan Kelechi Watson"
A Beautiful Mind,A BEAUTIFUL MIND,93%,PG-13,2001,Drama,"Russell Crowe, Ed Harris, Jennifer Connolly"
A Christmas Story,A CHRISTMAS STORY 4GB,88%,PG,1983,Christmas Comedy Family,"Peter Billingsley, Darren McGavin, Melinda Dillon"
A Good Day to Die Hard,A GOOD DAY TO DIE HARD 2013,40%,R,2013,Action,"Bruce Willis,Jai Courtney, Sebastian Koch"
A Late Quartet,A LATE QUARTET,71%,R,2012,Drama,"Philip Seymore Hoffman, Christopher Walken, Mark Ivanir"
A League of Their Own,A LEAGUE OF THEIR OWN 4GB,84%,PG,1992,Comedy Drama,"Tom Hanks, Geena Davis, Madonna, Lori Petty, Jon Lovitz,Rosie O'Donnell"
A Mighty Wind,A MIGHTY WIND,75%,PG-13,2003,Comedy,"Christopher Guest, Eugene Levy, Jane Lynch"
A Most Wanted Man,A MOST WANTED MAN,65%,R,2014,Drama Mystery,"Philip Seymore Hoffman, Rachel McAdams, Grgoriy Dobrygin, Willem Dafoe, Robin Wright"
A Star is Born,A STAR IS BORN,79%,R,2018,Drama,"Bradley Cooper, Lady Gaga, Sam Elliott"
About Schmidt,ABOUT SCHMIDT,74%,R,2002,Comedy Drama,"Jack Nicholson, Hope Davis, Dermot Mulroney, Kathy Bates, Len Cariou"
Adaptation,ADAPTATION,85%,R,2002,Comedy Drama,"Nicolas Cage, Meryl Streep, Chris Cooper"
Addams Family,ADDAMS FAMILY 4GB,66%,PG-13,1991,Comedy,"Anjelica Huston, Raul Julia, Christopher Lloyd"
Addams Family Values,ADDAMS FAMILY VALUES 4GB,63%,PG-13,1993,Comedy,"Anjelica Huston, Raul Julia, Christopher Lloyd"
Ali,ALI,65%,R,2001,Drama Biography,"Will Smith, Jamie Foxx, Jon Voight, Mario Van Peebles, Ron Silver, Jeffrey Wright"
Almost Heros,ALMOST HEROES 4GB,64%,PG-13,1998,Comedy,"Chris Farley, Matthew Perry, Eugene Levy"
Aloha,ALOHA,28%,PG-13,2015,Comedy Romance,"Bradley Cooper, Emma Stone, Rachel McAdams, Bill Murray"
Amazing Grace,AMAZING GRACE,80%,G,2018,Documentary,"Aretha Franklin, Alan Elliott, Joey Carey"
Amazing Spider-Man,AMAZING SPIDER-MAN 2012,77%,PG-13,2012,Action,"Andrew Garfield, Emma Stone"
American Hustle,AMERICAN HUSTLE,74%,R,2013,Drama Crime,"Christian Bale, Bradley Cooper, Jeremy Renner, Amy Adams, Jennifer Lawrence, Louis CK"
American Pie,AMERICAN PIE 1999,61%,R,1999,Comedy,"Jason Biggs, Shannon Elizabeth, Alyson Hannigan"
American Pie 2,AMERICAN PIE 2 2001,52%,R,2001,Comedy,"Jason Biggs, Shannon Elizabeth, Alyson Hannigan"
American Sniper,AMERICAN SNIPER,84%,R,2014,"War, Biography","Bradley Cooper, Sienna Miller, Jake McDorman, Luke Grimes, Navid Negahban, Keir O'Donnell"
An Officer and a Gentleman,AN OFFICER AND A GENTLEMAN,81%,R,1982,Drama,"Richard Gere, Debra Winger, Louis Gossett Jr"
Anchorman,ANCHORMAN,86%,PG-13,2004,Comedy,"Will Ferrell, Christina Applegate, Paul Rudd, Steve Carell"
Anchorman 2 ( Low-Def) cp,ANCHORMAN 2 PC,52%,PG-13,2013,Comedy,"Will Ferrell, Christina Applegate, Paul Rudd, Steve Carell"
Anger Management,ANGER MANAGEMENT,60%,PG-13,2003,Comedy,"Adam Sandler, Jack Nicholson, Marisa Tomei"
Animal House,ANIMAL HOUSE,89%,R,1978,Comedy,"John Belushi, Kevin Bacon, Donald Sutherland, Karen Allen, Tim Matheson, John Vernon, Tom Hulce, Peter Riegert, Stephen Furst, james Widdoes, Bruce McGill, Martha Smith, Mark Metcalf, James Daughton, Mary Louise Weller"
Apollo 11,APOLLO 11 4GB,90%,G,2019,Documentary,NA
Apollo 13,APOLLO 13,87%,PG,1995,Drama History,"Tom Hanks, Bill Paxton, Kevin Bacon"
Assassination of Jesse James,ASSASSINATION OF JESSE JAMES,75%,R,2007,Drama History,"Brad Pitt, Casey Affleck, Sam Shepard"
August Osage County,AUGUST OSAGE COUNTY,65%,R,2013,Comedy Drama,"Meryl Streep, Julia Roberts, Ewan McGregor"
Avalon,AVALON,78%,PG,1990,Drama,"Armin Mueller Stahl, Aidan Quinn, Elezabeth Perkins"
Aviator,AVIATOR,79%,PG-13,2004,Biography History,"Leonardo DiCaprio, Cate Blanchett, Kate Beckinsale"
Back to the Future,BACK TO THE FUTURE 1985,94%,PG,1985,Comedy,"Michael J Fox, Christopher Lloyd, Lea Thompson"
Back to the Future II,BACK TO THE FUTURE II 1989,85%,PG,1989,Comedy,"Michael J Fox, Christopher Lloyd, Lea Thompson"
Back to the Future III,BACK TO THE FUTURE III 1990,78%,PG,1990,Adventure Fantasy,"Michael J Fox, Christopher Lloyd, Lea Thompson"
Balls of Fury,BALLS OF FURY,33%,PG-13,2007,Comedy,"Christopher Walken, George Lopez, Dan Fogler"
Band Camp (American Pie Presents),BAND CAMP,50%,R,2005,Comedy,"Tad Hilgenbrink, Arielle Kebbel, Jason Earles, Eugene Levy"
Basic Instinct,BASIC INSTINCT,63%,R,1992,Mystery Thriller,"Michael Douglas, Sharon Stone, George Dzundza, Jeanne Tripplehorn"
Batman,BATMAN 4GB,84%,PG-13,1989,Adventure Fantasy,"Michael Keaton, Jack Nicholson, Kim Basinger"
Batman and Robin,BATMAN AND ROBIN 4GB,16%,PG-13,1997,Adventure Fantasy,"Arnold Schwarzenegger, George Clooney, Chris O'Donnell"
Batman Begins,BATMAN BEGINS,94%,PG-13,2005,Adventure Fantasy,"Christian Bale, Michael Caine, Liam Neeson"
Batman Forever,BATMAN FOREVER,32%,PG-13,1995,Adventure Fantasy,"Val Kilmer, Tommy Lee Jones, Jim Carrey"
Be Kind Rewind,BE KIND REWIND,56%,PG-13,2008,Comedy,"Jack Black, Yasiin Bey, Danny Glover"
Beerfest,BEERFEST,75%,R,2006,Comedy,"Jay Chandrasekhar, Kevin Heffernan, Erik Stolhanske"
Beetlejuice,BEETLEJUICE,82%,PG,1988,Comedy,"Michael Keaton, Alex Baldwin, Geena Davis, Jeffrey Jones, Catherine O'Hara, Winona Ryder"
Begin Again,BEGIN AGAIN,81%,R,2013,Drama,"Keira Knightley, Mark Ruffalo, Hailee Steinfels, Adam Levine"
Bernie,BERNIE,73%,PG-13,2011,Drama Crime,"Jack Black, Shirley MacLaine, Matthew McConaughey"
Best in Show,BEST IN SHOW,89%,PG-13,2000,Comedy,"Michael Hitchcock, Parker Posey, Eugene Levy, Christopher Guest, Catherine O'Hara"
Beverly Hills Cop,BEVERLY HILLS COP,82%,R,1984,Comedy Action,"Eddie Murphy,Judge Reinhold, John Ashton, Lisa Eilbacher, Ronny Cox"
Beverly Hills Cop 2,BEVERLY HILLS COP 2,57%,R,1987,Comedy Action,"Eddie Murphy,Judge Reinhold, Brigitte Nielsen, John Ashton"
Beverly Hills Ninja,BEVERLY HILLS NINJA 4GB,53%,PG-13,1997,Comedy,"Chris Farley, Nicollette Sheridan, Robin Shou, Chris Rock"
Bewitched (Low-Def) cp,BEWITCHED 4GB LOW-DEF,28%,PG-13,2005,Comedy,"Nicole Kidman, Will Ferrell, Shirley MacLaine"
Big Daddy,BIG DADDY 4GB,74%,PG-13,1999,Comedy,"Adam Sandler, Joey Lauren Adams, Jon Stewart"
Big Eyes,BIG EYES,68%,PG-13,2014,Drama Biography,"Amy Adams, Christoph Waltz, Danny Huston, Jason Schwartzman"
Big Lebowski,BIG LEBOWSKI,93%,R,1998,Comedy,"Jeff Bridges, John Goodman, Julianne Moore, Steve Buscemi"
Bill and Ted Face the Music,BILL AND TED FACE THE MUSIC,66%,PG-13,2020,Comedy,"Keanu Reeves, Alex Winter, William Sadler, Kristen Schall"
Bill and Ted's Bogus Adventure,BILL AND TED BOGUS ADVENTURE,56%,PG,1991,Comedy,"Keanu Reeves, Alex Winter, William Sadler, Pam Grier"
Bill and Ted's Excellent Adventure,BILL AND TEDS EXCELLENT ADVENTURE,75%,PG,1989,Comedy,"Keanu Reeves, Alex Winter, William Sadler, Pam Grier"
Blacksheep,BLACKSHEEP 4GB,70%,PG-13,1996,Comedy,"Chris Farley, David Spade, Tim Matheson"
Blade Runner,BLADE RUNNER,91%,R,1982,Mystery Sci-fi,"Harrison Ford, Rutger Hauer, Sean Young, Edward James Olmos Daryl Hannah"
Blade Runner 2049,BLADE RUNNER 2049,81%,R,2017,Mystery Sci-fi,"Ryan Gosling, Harrison Ford, Robin Wright, Ana de Armas, Sylvia Hoeks, Jared Leto"
Blades of Glory,BLADES OF GLORY,68%,PG-13,2007,Comedy,"Will Ferrell, Jon Heder, Will Arnett"
Blended,BLENDED,64%,PG-13,2014,Comedy Romance,"Adam Sandler, Drew Barrymore, Joel McHale"
Blues Brothers,BLUES BROTHERS 2000,92%,R,1980,Comedy Musical,"John Belushi, Dan Akyroyd, James Brown, Cab Calloway, Ray Charles, Carrie Fisher, Aretha Franklin, Henry Gibson"
Blues Brothers 2000,BLUES BROTHERS,37%,PG-13,1998,Comedy,"Dan Aykroyd, John Goodman, Joe Morton"
Bombshell,BOMBSHELL,84%,R,2019,Drama,"Charlize Theron, Nicole Kidman, Margot Robbie"
Borat: Cultural Learning of America for Kazakhstan,BORAT,79%,R,2006,Comedy,"Sacha Baron Cohen, Pamela Anderson, Ken Davitian, Luenell"
Bowfinger,BOWFINGER,61%,PG-13,1999,Comedy,"Steve Martin, Eddie Murphy, Heather Graham"
Boy Erased,BOY ERASED,74%,R,2018,Drama Biography,"Lucas Hedges, Nicole Kidman, Joel Edgerton"
Bridesmaids,BRIDESMAIDS,76%,R,2011,Comedy,"Kristen Wiig, Maya Rudolph, Rose Byrne"
Bridge of Spies,BRIDGE OF SPIES,87%,PG-13,2015,Drama History,"Tom Hanks, Mark Rylance, Alan Alda"
Bridget Jones Diary,BRIDGET JONES DIARY,81%,R,2001,Comedy Romance,"Renee Zellweger, Colin Firth, Hugh Grant, Gemma Jones, Jim Broadbent, Embeth Davidtz"
Brooklyn,BROOKLYN,87%,PG-13,2015,Drama Romance,"Saoirse Ronan, Domhnall Gleeson, Emory Cohen, Jim Broadbent, Julie Walters, Jessica Pare"
Bucket List,BUCKET LIST 4GB,77%,PG-13,2007,Comedy Drama,"Jack Nicholson, Morgan Freeman, Sean hayes, Rob Morrow, Beverly Todd, Alfonso Freeman"
Bull Durham,BULL DURHAM,82%,R,1998,Comedy Romance,"Kevin Costner, Susan Sarandon, Tim Robbins"
Bumblebee,BUMBLEBEE,74%,PG-13,2018,Action,"Haile Steinfeld, John Cena, JorgeLendeborg"
Caddyshack,CADDYSHACK 1980,87%,R,1980,Comedy,"Chevy Chase, Rodney Dangerfield, Bill Murray"
Caddyshack 2,CADDYSHACK 2 1988 4GB,18%,PG,1988,Comedy,"Jackie Mason, Dyan Cannon, Robert Stack"
Canadian Bacon,CANADIAN BACON 4GB,52%,PG,1995,Comedy,"Alan Alda, John Candy, Rhea Perlman"
Captain Phillips,CAPTAIN PHILLIPS,89%,PG-13,2013,Mystery Thriller,"Tom Hanks, Catherine Keener, Barkhad Abdi"
Cast Away,CAST AWAY,84%,PG-13,2000,Comedy,"Tom Hanks,Helen Hunt, Nick Searcy"
Catch Me if You Can,CATCH ME IF YOU CAN,89%,PG-13,2002,Comedy Crime,"Leonardo DiCaprio, Tom Hanks, Christopher Walken"
Cedar Rapids,CEDAR RAPIDS,59%,R,2011,Comedy,"Ed Helms, John C Reilly, Anne Heche"
Chappaquiddick,CHAPPAQUIDDICK,68%,PG-13,2017,Drama History,"Jason Clarke, Kate Mara, Ed Helms, Bruce Dern, Jim Gaffigan"
Charlie Wilson's War,CHARLIE WILSON'S WAR,73%,R,2007,Comedy Drama,"Tom Hanks, Julia Roberts, Philip Seymour Hoffman, Amy Adams, Ned Beatty, Emily Blunt"
Chef,CHEF,85%,R,2014,Comedy Drama,"Jon Favreau, Sofia Vergara, John Leguizamo"
Chesapeake Bay by Air,CHESAPEAKE BAY BY AIR 4GB,NR,NR,NR,Documentary,NA
Chicago,CHICAGO,83%,PG-13,2002,Drama Music,"Catherine Zeta-Jones, Renee Zellweger, Richard Gere, Queen Latifah, John C Reilly, Christine Baranski"
Christine,CHRISTINE,64%,R,1983,Horror,"Keith Gordon, John Stockwell, Alexandra Paul"
Christmas Vacation,CHRISTMAS VACATION 4GB,86%,PG-13,1989,Christmas Comedy,"Chevy Chase, Beverly D'Angelo, Randy Quaid, Diane Ladd, John Randolph, EG Marshall"
City Island,CITY ISLAND,79%,PG-13,2009,Comedy,"Andy Garcia, Julianna Margulies, Steven Strait"
Click,CLICK,66%,PG-13,2006,Comedy Fantasy,"Adam Sandler, Kate Beckinsale, Christopher Walken, Sean Astin, Henry Winkler, Jennifer Coolidge"
Coach Carter,COACH CARTER,85%,PG-13,2005,Drama,"Samuel l Jackson, Robert Ri'chard, Rob Brown Ashanti, Debbi Morgan"
Comedians of Comedy,COMEDIANS OF COMEDY,83%,NR,2005,Stand-up Comedy,"Zach Galifianakis, Patton Oswalt, Brian Posehn"
Comedians of Comedy at the Troubadour,COMEDIANS OF COMEDY AT THE TROUBADOUR,75%,NR,2007,Stand-up Comedy,"Bob Odenkirk, Andy Kindler, Zach Galifianakis, Patton Oswalt, David Cross, Brian Posehn"
Concussion,CONCUSSION,74%,PG-13,2015,Drama Biography,"Will Smith, Alec Baldwin, Gugu Mbatha-Raw, Paul Reiser, Luke Wilson"
Cool Hand Luke,COOL HAND LUKE,95%,PG,1967,Drama,"Paul Newman, George Kennedy, JD Cannon, Lou Antonio, Stroher Martin"
Crazy Rich Asians,CRAZY RICH ASIANS,76%,PG-13,2018,Comedy Romance,"Constance Wu, Henry Golding, Michelle Yeoh"
Crazy Stupid Love,CRAZY STUPID LOVE,78%,PG-13,2011,Comedy,"Steve Carell, Ryan Gosling, Julianne Moore"
Daddy's Home,DADDY'S HOME,49%,PG-13,2015,Comedy,"Will Ferrell, Mark Wahlberg, Linda Cardellini, Thomas Haden Church, Scarlett Estevez, Owen Vaccaro"
Daddy's Home 2,DADDY'S HOME 2,51%,PG-13,2017,Comedy,"Will Ferrell, Mark Wahlberg, Linda Cardellini, John Cena, Mel Gibson, John Lithgow"
Danny Collins,DANNY COLLINS,73%,R,2015,Comedy Drama,"Al Pacino, Annette Bening, Jennifer Garner"
Dark Knight (Low-Def) cp,DARK KNIGHT 4GB LOW-DEF,94%,PG-13,2008,Adventure Fantasy,"Christian Bale, Heath Ledger, Aaron Eckhart"
Dark Knight Rises,DARK KNIGHT RISES 2012,90%,PG-13,2012,Adventure Action,"Christian Bale, Anne Hathaway, Tom Hardy"
Dark Waters,DARK WATERS,95%,PG-13,2019,Drama Mystery,"Mark Ruffalo, Anne Hathaway, Tim Robbins, Bill Camp"
Dave,DAVE,72%,PG-13,1993,Comedy,"Kevin Kline, Sigourney Weaver, Franl Langella"
Dawn of the Planet of the Apes,DAWN OF THE PLANET OF THE APES,88%,PG-13,2014,Adventure Action,"Andy Serkis, Jason Clarke, Gary Oldman"
Dead Man Walking,DEAD MAN WALKING 4GB,86%,R,1995,Drama Crime,"Susan Sarandon, Sean Penn, Robert Prosky"
Deadpool,DEADPOOL,90%,R,2016,Adventure Fantasy,"Ryan Reynolds, Morena Baccarin, Ed Skrein, TJ Miller,Gina Carano, Leslie Uggams"
Deadpool 2,DEADPOOL 2,85%,R,2018,Comedy Adventure,"Ryan Reynolds, Josh Brolin, Morena Baccarin, Zazie Beetz, Brianna Hildebrand"
Deliverance,DELIVERANCE,82%,R,1972,Drama Adventure,"Jon Voight, Burt Reynolds, Ned Beatty"
Die Hard,DIE HARD 1,94%,R,1988,Mystery Thriller,"Bruce Willis, Alan Rickman, Bonnie Bedelia"
Die Hard 2 - Die Harder,DIE HARD 2,70%,R,1990,Mystery Thriller,"Bruce Willis, William Atherton, Bonnie Bedelia"
Die Hard 3 - With a Vengence,DIE HARD 3 - WITH A VENGEANCE,83%,R,1995,Adventure Action,"Bruce Willis, Jeremy Irons, Samuel L Jackson, Graham Greene"
Die Hard 4 - Live Free or Die Hard,DIE HARD 4 - LIVE FREE OR DIE HARD,86%,PG-13,2007,Mystery Thriller,"Bruce Willis, Justin Long, Timothy Olphant, Cliff Curtis, Maggie Q"
Diner,DINER,78%,R,1982,Comedy Drama,"Steve Guttenberg, Mickey Rourke, Kevin Bacon"
Dirty Dancing,DIRTY DANCING,90%,PG-13,1987,Drama Romance,"Patrick Swayze, Jennifer Grey, Jerry Orbach"
Dirty Rotten Scoundrels,DIRTY ROTTEN SCOUNDRELS,84%,PG,1988,Comedy,"Steve Martin, Michael Caine, Glenne Headly"
Dodgeball: A True Underdog Story,DODGEBALL,76%,PG-13,2004,Comedy,"Vince Vaughn, Christine Taylor, Ben Stiller, Rip Torn, Justine Long, Stephen Root"
Dr. Seuss' The Grinch 2018,GRINCH - DR SEUSS 2018,51%,PG,2018,Christmas Comedy Family,"Benedict Cumberbatch, Cameron Seely, Rashida Jones"
Driving Miss Daisy,DRIVING MISS DAISY,81%,PG,1989,Comedy Drama,"Morgan Freeman, Jessica Tandy, Dan Aykroyd"
Dumb And Dumber,DUMB AND DUMBER,84%,PG-13,1994,Comedy,"Jim Carrey, Jeff Daniels, Lauren Holly"
Dumb And Dumber To,DUMB AND DUMBER TO,35%,PG-13,2014,Comedy,"Jim Carrey, Jeff Daniels, Kathleen Turner"
E. T.,ET,72%,PG,1982,Adventure Family Kids,"Henry Thomas, Dee Wallace, Peter Coyote"
Eddie the Eagle,EDDIE THE EAGLE,82%,PG-13,2016,Comedy Drama,"Taron Egerton, Hugh Jackman, Jo Hartley"
Elf,ELF,79%,PG,2003,Christmas Comedy Family,"Will Ferrell, James Caan, Bob Newhart"
Enemy of the State,ENEMY OF THE STATE,78%,R,1998,Mystery Thriller,"Will Smith, Gene Hackman, Jon Voight"
Envy,ENVY,27%,PG-13,2004,Comedy,"Ben Stiller, Jack Black, Rachel Weisz, Christopher Walken"
Eternal Sunshine of the Spotless Mind,ETERNAL SUNSHINE OF THE SPOTLESS MIND,94%,R,2004,Romance Sci-fi,"Jim Carrey, Kate Winslet, Kirsten Dunst"
Eulogy,EULOGY 4GB,71%,R,2004,Comedy,"Hank Azaria, Jesse Bradford, Zooey Deschanel"
European Vacation (National Lampoon's),EUROPEAN VACATION 4GB,49%,PG-13,1985,Comedy,"Chevy Chase, Beverly D'Angelo, Dana Hill "
Evan Almighty,EVAN ALMIGHTY,52%,PG,2007,Comedy Family Kids,"Steve Carrell, Morgran Freeman, Lauren Graham"
Every Which Way But Loose,EVERY WHICH WAY BUT LOOSE,55%,PG,1978,Comedy Drama,"Clint Eastwood, Sondra Locke, Ruth Gordon, Geoffrey Lewis, Beverly D'Angelo, Walter Barnes"
Everything Must Go,EVERYTHING MUST GO,52%,R,2010,Comedy Drama,"Will Ferrell, Christopher Jordan Wallace, Rebecca Hall"
Ex Machina,EX MACHINA,86%,R,2014,Mystery Sci-fi,"Domhnall Gleeson, Oscar Isaac, Alicia Vikander, Sonoya Mizuno"
Extract,EXTRACT,38%,R,2009,Comedy,"Jason Bateman, Mila Kunis, Kristen Wiig"
Eye in the Sky,EYE IN THE SKY,82%,R,2015,Drama War,"Helen Mirren, Aaron Paul, Alan Rickman"
Fargo,FARGO,93%,R,1996,Comedy Drama,"Frances McDormand, Steve Buscemi, William H Macy, Peter Stormare, Harve Presnell, John Caroll Lynch"
Fast and Furious,FAST AND FURIOUS 2009,67%,PG-13,2009,Action Mystery,"Vin Diesel, Paul Walker, Michelle Rodriguez, Jordana Brewster"
Father Figures,FATHER FIGURES,25%,R,2017,Comedy,"Ed Helms, Owen Wilson, Glen Close"
Father of the Bride,FATHER OF THE BRIDE 4GB,70%,PG,1991,Comedy,"Steve Martin, Diane Keaton, Martin Short, Kieran Culkin, George Newbern"
Father of the Bride: Part II,FATHER OF THE BRIDE 2,60%,PG,1995,Comedy,"Steve Martin, Diane Keaton, Kimberly Williams-Paisley, Martin Short,George Newbern, Kieran Culkin"
Ferris Bueller's Day Off,FERRIS BUELLER'S DAY OFF,92%,PG-13,1986,Comedy,"Matthew Broderick, Alan Ruck, Mia Sara, Jennifer Gray, Jeffrey Jones"
Field of Dreams,FIELD OF DREAMS,86%,PG,1989,Fantasy,"Kevin Costner, Amy Madigan, James Earl Jones, Gaby Hoffmann, Ray Liotta, Timothy Busfield"
Fletch,FLETCH,81%,PG,1985,Comedy Mystery,"Chevy Chase, Dana Wheeler-Nicholson, Tim Matheson"
Florence Foster Jenkins,FLORENCE FOSTER JENKINS,68%,PG-13,2016,Comedy Drama,"Meryl Streep, Hugh Grant, Simon Helberg"
Footloose,FOOTLOOSE,71%,PG,1984,Drama,"Kevin Bacon, Lori Singer, John Lithgow"
For Your Consideration,FOR YOUR CONSIDERATION,43%,PG-13,2006,Comedy,"Eugene Levy, Christopher Guest, Catherine O'Hara"
Forest Gump,FOREST GUMP,95%,PG-13,1994,Comedy Drama,"Tom Hanks, Robin Wright, Gary Sinise"
Fracture,FRACTURE,73%,R,2007,Mystery Thriller,"Anthony Hopkins, Ryan Gosling, David Strathairn"
Fred Claus,FRED CLAUS,45%,PG,2007,Christmas Comedy Family,"Vince Vaughn, Paul Giamatti, Miranda Richardson"
Fried Green Tomatoes,FRIED GREEN TOMATOES,91%,PG-13,1991,Drama,"Kathy Bates, Jessica Tandy, Mary Stuart Masterson"
Frost/Nixon Watergate,FROST NIXON WATERGATE 4GB,88%,R,2008,Drama History,"Frank Langella, Kevin Bacon, Michael Sheen, Rebecca Hall"
Furious 7,FURIOUS 7,82%,PG-13,2015,Adventure Mystery,"Vin Diesel, Paul Walker, Dwayne Johnson, Michelle Rodriguez, Tyrese Gibson, Ludacris"
Get Hard,GET HARD,45%,R,2015,Comedy,"Will Ferrell, Kevin Hart, Craig T Nelson"
Get Low,GET LOW,75%,PG-13,2009,Comedy Drama,"Robert Duvall, Sissy Spacek, Bill Murray"
Get On Up,GET ON UP,68%,PG-13,2014,Drama Biography,"Chadwick Boseman, Nelsan Ellis, Dan Aykroyd"
Ghost,GHOST,80%,PG-13,1990,Romance Fantasy,"Patrick Swayze, Demi Moore, Whoopi Goldberg"
Ghostbusters (1984),GHOSTBUSTERS 1984,88%,PG,1984,Comedy Fantasy,"Bill Murray, Dan Aykroyd, Harold Ramis, Sigourney Weaver, Rick Moranis, Annie Potts"
Ghostbusters (2016),GHOSTBUSTERS 2016,49%,PG-13,2016,Comedy Fantasy,"Melissa McCarthy, Kristen Wiig, Leslie Jones"
Ghostbusters 2 (1989),GHOSTBUSTERS 2 1989,61%,PG,1989,Comedy Fantasy,"Bill Murray, Dan Aykroyd, Harold Ramis, Sigourney Weaver, Rick Moranis,Ernie Hudson"
Gladiator,GLADIATOR,87%,R,2000,Action Drama,"Russell Crowe, Joaquin Phoenix, Connie Nielsen"
Goldmember (Austin Powers),GOLDMEMBER,44%,PG-13,2002,Comedy,"Mike Myers, Beyonce, Seth Green"
Gone in 60 Seconds,GONE IN 60 SECONDS CLASSIC,66%,PG,1974,Action,"HB Halicki, Marion Busia, Jerry Daugirda"
Gone in Sixty Seconds,GONE IN 60 SECONDS,77%,PG-13,2000,Mystery Thriller,"Nicolas Cage, Angelina Jolie, Giovanni Ribisi"
Good Morning Vietnam,GOOD MORNING VIETNAM,82%,R,1987,Comedy,"Robin Williams, Forest Whitaker, Tung Thanh Tran"
Gran Torino,GRAN TORINO,90%,R,2008,Drama,"Clint Eastwood, Christopher Carley, Bee Vang"
Grand Budapest Hotel,GRAND BUDAPEST HOTEL,86%,R,2014,Comedy Drama,"Ralph Fiennes, F Murray Abraham, Mathieu, Amalric, Willem Dafoe, Jeff Goldblum"
Grandma,GRANDMA,67%,R,2015,Comedy Drama,"Lily Tomlin, Julia Garner, Marcia Gay, Judy Greer, Sam Elliott"
Great Outdoors,UNCLE BUCK + GREAT OUTDOORS,70%,PG,1988,Comedy,"Dan Aykroyd, John Candy, Stephanie Faracy, Annette Bening Robert Prosky, Chris Young"
Green Book,GREEN BOOK,91%,PG-13,2018,Comedy Drama,"Viggo Mortensen, Mahershaala Ali, Linda Cardellini"
Gremlins,GREMLINS,78%,PG,1984,Fantasy Horror,"Zach Galligan, Phoebe Cates, Hoyt Axton"
Groundhog Day,GROUNDHOG DAY,88%,PG,1993,Comedy,"Bill Murray, Andie MacDowell, Chris Elliott, Stephen Tobolowsky, Brian Murray"
Grumpier Old Men,GRUMPIER OLD MEN 4GB,62%,PG-13,1995,Comedy,"Jack Lemmon, Walter Matthau, Ann Margret, Sophia Loren, Kevin Pollak"
Grumpy Old Men,GRUMPY OLD MEN 4GB,74%,PG-13,1993,Comedy,"Jack Lemmon, Walter Matthau, Ann Margret, Daryl Hannah"
Hacksaw Ridge,HACKSAW RIDGE,91%,R,2016,Drama War,"Andrew Garfield, Sam Worthington, Luke Bracey, teresa Palmer, Hugo Weaving, Rachel Griffiths"
Hail! Hail! Rock 'N' Roll (Chuck Berry),HAIL HAIL ROCK N ROLL,95%,PG,1987,Documentary,"Chuck Berry, Keith Richards, Eric Clapton"
Half Nelson,HALF NELSON,82%,R,2006,Drama,"Ryan Gosling, Shareeka Epps, Anthony Mackie"
Hancock,HANCOCK,59%,PG-13,2008,Comedy Action,"Will Smith, Charlize Theron, Jason Bateman"
Hangover,HANGOVER,84%,R,2009,Comedy,"Bradley Cooper, Ed Helms, Zach Galifianakis, Justin Bartha"
Happy Gilmore,HAPPY GILMORE,85%,PG-13,1996,Comedy,"Adam Sandler, Christopher McDonald, Julie Bowen"
Harriet,HARRIET,97%,PG-13,2019,Drama Biography,"Cynthia Erivo, Janelle Monae, Leslie Odom"
Harry Potter 1 - Sorcerer's Stone,HP 1 - SORCERER'S STONE,82%,PG,2001,Family Adventure,"Daniel Radcliffe, Rupert Grint, Emma Watson, John Cleese, Robbie Coltrane, Warwick Davis"
Harry Potter 2 - Chamber of Secrets,HP 2 - CHAMBER OF SECRETS,80%,PG,2002,Family Adventure,"Daniel Radcliffe, Rupert Grint, Emma Watson, Kenneth Brangh, John Cleese, Robbie Coltrane"
Harry Potter 3 - Prisoner of Azkaban,HP 3 - PRISONER OF AZKABAN,86%,PG,2004,Family Adventure,"Daniel Radcliffe, Rupert Grint, Emma Watson, Gary Oldman, David Thewlis, Michael Gambon"
Harry Potter 4 - Goblet of Fire,HP 4 - GOBLET OF FIRE,74%,PG-13,2005,Adventure Fantasy,"Daniel Radcliffe, Rupert Grint, Emma Watson, Robbie Coltrane Ralph Fiennes, Michael Gambon"
Harry Potter 5 - Order of Phoenix,HP 5 - ORDER OF PHOENIX,81%,PG-13,2007,Adventure Fantasy,"Daniel Radcliffe, Rupert Grint, Emma Watson, Helena Bonham Carter, Robbie Coltrane, Michael Gambon"
Harry Potter 6 - Half-Blood Prince,HP 6 - HALF-BLOOD PRINCE,78%,PG,2009,Family Adventure,"Daniel Radcliffe, Rupert Grint, Emma Watson, Helena Bonham Carter, Jim Broadbent, Robbie Coltrane"
Harry Potter 7 - Deathly Hallows Part 1,HP 7 - DEATHLY HALLOWS PART 1,85%,PG-13,2010,Adventure Fantasy,"Daniel Radcliffe, Rupert Grint, Emma Watson, Ralph Fiennes, Alan Rickman, Robbie Coltrane"
Harry Potter 8 - Deathly Hallows Part 2,HP 8 - DEATHLY HALLOWS PART 2,89%,PG-13,2011,Adventure Fantasy,"Daniel Radcliffe, Rupert Grint, Emma Watson, Ralph Fiennes, Alan Rickman, Robbie Coltrane"
Here Comes the Boom,HERE COMES THE BOOM,65%,PG,2012,Comedy Action,"Kevin James, Salma Hayek, Henry Winkler, Greg Germann, Joe Rogan"
Hidden Figures,HIDDEN FIGURES,93%,PG,2016,Drama History,"Octavia Spencer, Janelle Monae, Taraji P Henson"
Hitch,HITCH,62%,PG-13,2005,Comedy Romance,"Will Smith, Eva Mendes, Kevin James, Amber Valletta"
Hocus Pocus,HOCUS POCUS 4GB,71%,PG,1993,Family Comedy,"Bete Midler, Sarah Jessica Parker, Kathy Najimy"
Home Alone,HOME ALONE,80%,PG,1990,Christmas Comedy Family,"Macaulay Culkin, Joe Pesci, Daniel Stern"
Home Alone 2,HOME ALONE 2 4GB,62%,PG,1992,Christmas Comedy Family,"Macaulay Culkin, Joe Pesci, Daniel Stern"
Hoosiers,HOOSIERS 4GB,88%,PG,1986,Drama,"Gene Hackman, Barbara Hershey, Dennis Hopper, Sheb Wooley"
Horrible Bosses,HORRIBLE BOSSES,70%,R,2011,Comedy,"Jason Bateman, Charlie Day, Jason Sudeikis"
Hot Fuzz,HOT FUZZ,89%,R,2007,Comedy Action,"Simon Pegg, Nick Frost, Jim Broadbent, Paddy Considine Timothy Dalton, Billie Whitelaw"
Hotel Rwanda,HOTEL RWANDA,94%,PG-13,2004,Drama,"Don Cheadle, Sophie Okonedo, Joaquin Phoenix, Nick Nolte, Desmond Dube, David O'Hara"
How the Grinch Stole Christmas! - Dr. Seuss 1967,GRINCH - DR SEUSS 1967 4GB,95%,NR,1967,Christmas Family Cartoon,"Boris Karloff, June Foray, Thurl Ravenscoft"
How the Grinch Stole Christmas - Jim Carrey 2000,GRINCH - JIM CARREY 2000 LOW-DEF 4GB,56%,PG,2000,Christmas Comedy Family,"Jim Carrey, Jeffrey Tambor, Christine Baranski, Bill Irwin, Molly Shanon, Clint Howard"
Hundred Foot Journey,HUNDRED FOOT JOURNEY,81%,PG,2014,Comedy Drama,"Dame Helen Mirren, Om Puri, Manish Dayal, Charlotte Le Bon, Amit Shah, Farzana Dua Elahe"
Hunt For The Red October,HUNT FOR THE RED OCTOBER,88%,PG,1990,Action Mystery,"Sean Connery, Alec Baldwin, Scott Glenn"
Ides of March,IDES OF MARCH,73%,R,2011,Drama,"Ryan Gosling, George Clooney, Philip Seymore Hoffman"
Idiocracy,IDIOCRACY 4GB,60%,R,2006,Comedy Sci-fi,"Luke Wilson, Maya Rudolph, Dax Shepard"
In Her Shoes,IN HER SHOES,66%,PG-13,2005,Comedy Drama,"Cameron Diaz, Toni Collette, Shirley MacLaine"
Indiana Jones - Raiders of the Lost Ark,INDIANA JONES - RAIDERS OF THE LOST ARK,96%,PG,1981,Action Adventure,"Harrison Ford, Karen Allen, Paul Freeman"
Indiana Jones - Temple of Doom,INDIANA JONES - TEMPLE OF DOOM,81%,PG,1984,Action Adventure,"Harrison Ford, Kate Capshaw, Ke Huy Quan"
Indiana Jones - The Last Crusade,INDIANA JONES - THE LAST CRUSADE,94%,PG-13,1989,Action Adventure,"Harrison Ford, Sean Connery, Denholm Elliott"
Indiana Jones and the Kingdom of the Crystal Skull,INDIANA JONES CRYSTAL SKULL 2008,53%,PG-13,2008,Action,"Harrison Ford, Cate Blanchett, Shia LaBeouf"
Inequality for All,INEQUALITY FOR ALL,88%,PG,2013,Documentary,Robert Reich
Isle of Dogs,ISLE OF DOGS,87%,PG-13,2018,Adventure Animation,"Bryan Cranston, Ed Norton, Scarlett Johansson, Bill Murray, Live Schreiber, Jeff Goldblum"
Italian Job 1969,ITALIAN JOB 1969,85%,G,1969,Action Comedy,"Michael Caine, Noel Coward, Benny Hill, Margaret Blye, Tony Beckley, Raf Vallone"
Italian Job 2003,ITALIAN JOB 2003,80%,PG-13,2003,Mystery Thriller,"Mark Wahlberg, Charlize Theron, Ed Norton"
It's a Wonderful Life,ITS A WONDERFUL LIFE,95%,NR,1946,Christmas Drama Family,"James Stewart, Donna Reed, Lionel Barrymore"
J Edgar,J EDGAR,44%,R,2011,Drama Biography,"Leonardo DiCaprio, Naomi Watts, Armie Hammer"
Jim Gaffigan - Beyond The Pale,JIM GAFFIGAN - BEYOND THE PALE,NR,NR,2005,Stand-up Comedy,Jim Gaffigan
Jim Gaffigan - King Baby,JIM GAFFIGAN - KING BABY,87%,NR,2008,Stand-up Comedy,Jim Gaffigan
Joe Dirt,JOE DIRT,63%,PG-13,2001,Comedy,"David Spade, Dennis Miller, Brittany Daniel"
Joker,JOKER,88%,R,2019,Drama Crime,"Joaquin Phoenix, Robert De Niro, Zazie Beetz"
Joy,JOY,57%,PG-13,2015,Comedy Drama,"Robert De Niro, Jennifer Lawrence, Edgar Ramirez, Diane Ladd"
Judy,JUDY,85%,PG-13,2019,Drama Biography,"Renee Zellweger, Jessie Buckley, Finn Wittrock"
Jurassic Park,JURASSIC PARK,91%,PG-13,1993,Sci-fi Mystery Thriller,"Sam Neill, Laura Dern, Jeff Goldblum, Richard Attenborough, Bob Peck, Martin Ferrero"
Just Like Heaven,JUST LIKE HEAVEN,75%,PG-13,2005,Comedy Romance,"Reese Witherspoon, Mark Ruffalo, Donal Logue"
Karate Kid,KARATE KID,82%,PG,1984,Drama,"Ralph Macchio, Pat Morita, Elisabeth Shue"
Kicking and Screaming,KICKING AND SCREAMING,43%,PG,2005,Comedy,"Will Ferrell, Robert Duvall, Mike Ditka"
Killing Lincoln,KILLING LINCOLN,61%,TV14,2013,Drama,"Bill Campbell, Jesse Johnson, Geraldine Hughes"
Knives Out,KNIVES OUT,92%,PG-13,2019,Drama Crime,"Daniel Craig, Chris Evans, Ana de Armas"
Knocked Up,KNOCKED UP,89%,R,2007,Comedy Romance,"Seth Rogen, Katherine Heigl, Paul Rudd"
K-PAX,KPAX,75%,PG-13,2001,Drama Sci-fi,"Kevin Spacey, Jeff Bridges, Mary McCormack"
L.A. Story,LA STORY,75%,PG-13,1991,Comedy Romance,"Steve Martin, Victoria Tennant, Richard E Grant, Marilu Henner, Sarah Jessica Parker"
Lee Daniels' The Butler,LEE DANIELS THE BUTLER,78%,PG-13,2013,Drama History,"Forest Whitaker, Oprah Winfrey, John Cusack, Jane Fonda,"
Levity,LEVITY,47%,R,2003,Drama,"Billy Bob Thornton, Morgan Freeman, Holly Hunter, Kirsten Dunst"
Liar Liar,LIAR LIAR,75%,PG-13,1997,Comedy,"Jim Carrey, Maura Tierney, Jennifer Tilly"
Liberty Heights (Low-Def),LIBERTY HEIGHTS 4GB LOW-DEF,76%,R,1999,Comedy Drama,"Adrien Brody, Ben Foster, Olando Jones"
Life Aquatic with Steve Zissou,LIFE AQUATIC,82%,R,2004,Comedy,"Bill Murray, Owen Wilson, Cate Blanchett, Anjelica Huston, Willem Dafoe, Jeff Goldblum"
Lincoln,LINCOLN,81%,PG-13,2012,Biography History,"Daniel Day-Lewis, Sally Field, David Strathairn"
Lion,LION,91%,PG-13,2016,Drama Biography,"Dev Patel, Rooney Mara, David Wenham"
Little Miss Sunshine,LITTLE MISS SUNSHINE 4GB,91%,R,2006,Comedy Drama,"Greg Kinnear, Steve Carell, Toni Collette, Alan Arkin, Abigail Breslin, Paul Dano"
Little Shop of Horrors,LITTLE SHOP OF HORRORS 4GB,79%,PG-13,1986,Comedy Musical,"Rick Moranis, Ellen Greene, Steve Martin"
Longest Yard,LONGEST YARD,62%,PG-13,2005,Comedy,"Adam Sandler, Chris Rock, Burt Reynolds"
Looper,LOOPER,82%,R,2012,Action Sci-fi,"Bruce Willlis, Joseph Gordon-Levitt, Emily Blunt"
Major League,MAJOR LEAGUE,84%,R,1989,Comedy,"Charlie Sheen, Tom Berenger, Corbin, Bernsen, Margaret Whitton, James Gammon, Rene Russo"
Man of the Year,MAN OF THE YEAR,45%,PG-13,2006,Comedy,"Robin Williams, Laura Linney, Christopher Walken, Lewis Black, Jeff Goldblum"
Marshall,MARSHALL,84%,PG-13,2017,Biography History,"Chadwick Boseman, Josh Gad, Kate Hudson, Sterling K Brown, Dan Stevens, James Cromwell"
M*A*S*H,MASH,83%,R,1970,War Comedy,"Donald Sutherland, Elliot Gould, Sally Kellerman, Tom Skerritt, Robert Duvall, Jo Ann Pflug"
Mask,MASK,83%,PG-13,1985,Biography Drama,"Eric Stoltz, Cher, Sam Elliott"
Master and Commander,MASTER AND COMMANDER,80%,PG-13,2003,Adventure War,"Russell Crowe, Paul Bettany, Billy Boyd, James D'Arcy, Lee Ingleby, George Innes"
Masterminds,MASTERMINDS,35%,PG-13,2016,Comedy Action,"Zach Galifianakis, Owen Wilson, Kristen Wiig"
Matchstick Men,MATCHSTICK MEN,74%,PG-13,2003,Comedy,"Nicolas Cage, Sam Rockwell, Alison Lohman"
Matrix,MATRIX,85%,R,1999,Action Sci-fi,"Keanu Reeves, Laurence Fishburne, Carrie-Anne Moss"
Me Earl and the Dying Girl,ME EARL AND DYING GIRL,86%,PG-13,2015,Comedy Drama,"Thomas Mann, Olivia Cooke, RJ Cyler"
"Me, Myself, and Irene",ME MYSELF AND IRENE,57%,R,2000,Comedy,"Jim Carrey, Renee Zellweger, Chris Cooper, Robert Forster"
Meatballs,MEATBALLS 4GB,57%,PG,1979,Comedy,"Bill Murray, Chris Makepeace, Kate Lynch, Harvey Atkin, Kristine DeBell"
Meet The Parents,MEET THE PARENTS 2000,79%,PG-13,2000,Comedy,"Robert De Niro, Ben Stiller,Blythe Danner, Teri Polo"
Meet The Parents - Little Fockers,MEET THE PARENTS - LITTLE FOCKERS 2010,34%,PG-13,2010,Comedy,"Robert De Niro, Ben Stiller, Owen Wilson, Blythe Danner, Dustin Hoffman, Barbra Streisand"
Meet The Parents - Meet The Fockers,MEET THE PARENTS - MEET THE FOCKERS 2004,58%,PG-13,2004,Comedy,"Robert De Niro, Ben Stiller,Blythe Danner, Teri Polo, Dustin Hoffman, Barbra Streisand"
Meet The Patels,MEET THE PATELS 4GB,76%,PG,2014,Comedy Romance,"Ravi Patel, Geeta Patel"
Mickey's Christmas Carol,MICKEYS CHRISTMAS CAROL 4GB,90%,G,1983,Christmas Family Cartoon,NA
Mickey's Twice Upon  a Christmas,MICKEY'S TWICE UPON A CHRISTMAS,61%,G,2004,Christmas Family Cartoon,NA
Miracle on 34th Street (1947),MIRACLE ON 34TH 1947 4GB,87%,NR,1947,Christmas Drama Family,"Maureen O'Hara, John Payne, Edmund Gwenn"
Miracle on 34th Street (1994),MIRACLE ON 34TH 1994,62%,PG,1994,Christmas Drama Family,"Richard Attenborough, Elizabeth Perkins, Dylan Mc Dermott"
Moneyball,MONEYBALL,86%,PG-13,2011,Drama,"Brad Pitt, Jonah Hill, Philip Seymore Hoffman"
Moonrise Kingdom,MOONRISE KINGDOM,86%,PG-13,2012,Comedy Drama,"Bruce Willis, Ed Norton, Bill Murray"
Mr. Mom,MR MOM 4GB,57%,PG,1983,Comedy,"Michael Keaton, Terri Garr, Ann Jillian"
Mrs. Doubtfire,MRS DOUBTFIRE,77%,PG,1993,Comedy Family Kids,"Robin Williams, Sally Field, Pierce Brosnan, Harvey Fierstein, Polly Holliday, Lisa Jakub"
Multiplicity,MULTIPLICITY 4GB,49%,PG-13,1996,Comedy,"Michael Keaton, Andie MacDowell, Harris Yulin"
Must Love Dogs,MUST LOVE DOGS,50%,PG-13,2005,Comedy Romance,"Diane Lane, John Cusask, Elizabeth Perkins"
My Big Fat Greek Wedding,MY BIG FAT GREEK WEDDING,73%,PG,2002,Comedy Romance,"Nia Vardalos, John Corbett, Michael Constantine, Lainie Kazan, Amdrea Martin, Joey Fatone"
My Fellow Americans,MY FELLOW AMERICANS 4GB,64%,PG-13,1996,Comedy Adventure,"Jack lemmon, James Garner, Dan Aykroyd"
National Treasure,NATIONAL TREASURE,76%,PG,2004,Adventure Action,"Nicolas Cage, Jon Voight, Harvey Keitel"
News of the World,NEWS OF THE WORLD,89%,PG-13,2020,Drama Adventure,"Tom Hanks, Helena Zengel, Mare Winningham"
Night at the Museum,NIGHT AT THE MUSEUM 1,67%,PG,2006,Adventure Fantasy,"Ben Stiller, Robin Williams, Amy Adams"
Night at the Museum: Battle of the Smithsonian,NIGHT AT THE MUSEUM 2,47%,PG,2009,Comedy Family Kids,"Ben Stiller, Robin Williams, Amy Adams"
Night Shift,NIGHT SHIFT 4GB,63%,R,1982,Comedy,"Henry Winkler, Michael Keaton, Shelley Long"
Nightcrawler ,NIGHTCRAWLER,86%,R,2014,Drama Crime,"Jake Gyllenhaal, Rene Russo, Bill Paxton, Riz Ahmed, Ann Cusack"
"O Brother, Where Art Thou?",O BROTHER,89%,PG-13,2000,Comedy Drama,"George Clooney, John Turturro, Tim Blake Nelson, John Goodman, Holly Hunter"
Oceans 11 - 1960,OCEANS 11 - 1960,81%,NR,1960,Comedy Drama,"Frank Sinatra, Dean Martin, Sammy Davis Jr"
Oceans 11 - 2001,OCEANS 11 - 2001,80%,PG-13,2001,Crime Comedy,"George Clooney, Matt Damon, Andy Garcia"
Oceans 12,OCEANS 12,60%,PG-13,2004,Crime Comedy,"George Clooney, Matt Damon, Brad Pitt"
Oceans 13,OCEANS 13,75%,PG-13,2007,Comedy Drama,"George Clooney, Matt Damon, Brad Pitt, Andy Garcia, Al Pacino"
Office Space,OFFICE SPACE 4GB,93%,R,1999,Comedy,"Ron Livingston, Jennifer Aniston, David Herman, Ajay Naidu, Diedrich Bader, Stephen Root"
Old School,OLD SCHOOL,86%,R,2003,Comedy,"Luke Wilson, Will Ferrell, Vince Vaughn, Jeremy Piven, Ellen Pompeo, Juliette Lewis, Patrick Cranshaw"
One Flew Over the Cuckoos Nest,ONE FLEW OVER THE CUCKOOS NEST,96%,R,1975,Drama,"Jack Nicholson, Loiuse Flether, Brad Dourif, William Redfield, Michael Berryman"
Only the Brave,ONLY THE BRAVE,91%,PG-13,2017,Drama Adventure,"Josh Brolin, Miles Teller, Jeff Bridges"
Patriot,PATRIOT,81%,R,2000,Drama War,"Mel Gibson, Heath Ledger, Joely Richardson"
Patriots Day,PATRIOTS DAY,86%,R,2016,Mystery Crime,"Mark Wahlberg, Kevin Bacon, John Goodman, J K Simmons, Michelle Monaghan, Michael Beach"
Paul (Low-Def),PAUL 4GB,62%,R,2011,Comedy Adventure,"Simon Pegg, Nick Frost, Seth Rogan, Jason Bateman Kristen Wiig, Bill Hader"
Paul Blart Mall Cop,PAUL BLART MALL COP,43%,PG,2009,Comedy,"Kevin James, Jayma Mays, Keir O'Donnell, Bobby Cannavale"
Paul Blart Mall Cop 2,PAUL BLART MALL COP 2,33%,PG,2015,Comedy,"Kevin James, Raini Rodriguez, Neal McDonough"
Phenomenon,PHENOMENON 4GB,59%,PG,1996,Drama,"John Travolta, Kyra Sedgwick, Forest Whitaker, Jeffrey DeMunn, Robert Duvall"
Philadelphia,PHILADELPHIA 4GB,89%,PG-13,1993,Drama,"Tom Hanks, Denzell Washington, Jason Robards, Antonio Banderas, Joanne Woodward, Mary Steenburgen"
Philomena,PHILOMENA,89%,PG-13,2013,Drama,"Judi Dench, Steve Coogan, Michelle Fairley, Barbara Jefford, Anna Maxwell Martin, Mare Winningham"
Pitch Perfect,PITCH PERFECT 1,83%,PG-13,2012,Comedy Romance,"Anna Kendrick, Rebel Wilson, Skylar Astin"
Pitch Perfect 2,PITCH PERFECT 2,64%,PG-13,2015,Comedy,"Anna Kendrick, Rebel Wilson, Hailee Steinfeld"
Pitch Perfect 3,PITCH PERFECT 3,43%,PG-13,2017,Comedy,"Anna Kendrick, Rebel Wilson, Hailee Steinfeld"
"Planes, Trains and Automobiles",PLANES TRAINS AUTOMOBILES,87%,R,1987,Comedy,"Steve Martin, John Candy, Laila Robins, Michael McKean, Kevin Bacon"
Planet of the Apes,PLANET OF THE APES,87%,G,1968,Adventure Sci-fi,"Charlton Heston, Roddy McDowall, Kim Hunter, Maurice Evans, James Whitmore, James Daley"
Poltergeist,POLTERGEIST,79%,PG,1982,Horror Mystery,"Craig T Nelson, JoBeth Williams, Beatrice Straight"
Proof,PROOF,59%,PG-13,2005,Drama,"Gwyneth Paltrow, Anthony Hopkins, Jake Gyllenhaal"
Pursuit of Happyness,PURSUIT OF HAPPYNESS,87%,PG-13,2006,Drama,"Will Smith, Jaden Smith, Thandie Newton"
Race,RACE,77%,PG-13,2016,Drama Biography,"Stephan James, Jason Sudeikis, Eli Goree, Shanice Banton"
Rain Man,RAIN MAN,90%,R,1988,Comedy Drama,"Dustin Hoffman, Tom Cruise, Valeria Golino"
RAMBO,RAMBO 4GB,69%,R,2008,Adventure Action,"Sylvester Stallone, Julie Benz, Matthew Marsden"
Red Army,RED ARMY,85%,PG,2014,Documentary,"Scotty Bowman, Viacheslav Fetisov, Anatoli Karpov"
Remember the Titans,REMEMBER THE TITANS,93%,PG,2000,Drama,"Denzel Washington, Will Patton, Donald Faison"
RENO911!: Miami,RENO 911 MIAMI THE MOVIE,51%,R,2007,Comedy,"Thomas Lennon, Robert Ben Garant, Kerri Kenney, Cedric Yarbrough, Carlos Alzraqui, Wendy McLendon-Covey"
RENO911!  Season 1 Disk 1,RENO911 S1 D1,75%,TV-14,2003,Comedy,"Cedric Yarbough, Niecy Nash, Robert Ben Garant, Thomas Lennon, Carlos Alazraqui, Wendi McLendon, Kerri Kenney, Joe Lo Truglio"
RENO911!  Season 1 Disk 2,RENO911 S1 D2,75%,TV-14,2003,Comedy,"Cedric Yarbough, Niecy Nash, Robert Ben Garant, Thomas Lennon, Carlos Alazraqui, Wendi McLendon, Kerri Kenney, Joe Lo Truglio"
RENO911!  Season 2 Disk 1,RENO911 S2 D1,75%,TV-14,2004,Comedy,"Cedric Yarbough, Niecy Nash, Robert Ben Garant, Thomas Lennon, Carlos Alazraqui, Wendi McLendon, Kerri Kenney, Joe Lo Truglio"
RENO911!  Season 2 Disk 2,RENO911 S2 D2,75%,TV-14,2004,Comedy,"Cedric Yarbough, Niecy Nash, Robert Ben Garant, Thomas Lennon, Carlos Alazraqui, Wendi McLendon, Kerri Kenney, Joe Lo Truglio"
RENO911!  Season 2 Disk 3,RENO911 S2 D3,75%,TV-14,2004,Comedy,"Cedric Yarbough, Niecy Nash, Robert Ben Garant, Thomas Lennon, Carlos Alazraqui, Wendi McLendon, Kerri Kenney, Joe Lo Truglio"
RENO911!  Season 3 Disk 1,RENO911 S3 D1,75%,TV-14,2005,Comedy,"Cedric Yarbough, Niecy Nash, Robert Ben Garant, Thomas Lennon, Carlos Alazraqui, Wendi McLendon, Kerri Kenney, Joe Lo Truglio"
RENO911!  Season 3 Disk 2,RENO911 S3 D2,75%,TV-14,2005,Comedy,"Cedric Yarbough, Niecy Nash, Robert Ben Garant, Thomas Lennon, Carlos Alazraqui, Wendi McLendon, Kerri Kenney, Joe Lo Truglio"
RENO911!  Season 4 Disk 1,RENO911 S4 D1,75%,TV-14,2006,Comedy,"Cedric Yarbough, Niecy Nash, Robert Ben Garant, Thomas Lennon, Carlos Alazraqui, Wendi McLendon, Kerri Kenney, Joe Lo Truglio"
RENO911!  Season 4 Disk 2,RENO911 S4 D2,75%,TV-14,2006,Comedy,"Cedric Yarbough, Niecy Nash, Robert Ben Garant, Thomas Lennon, Carlos Alazraqui, Wendi McLendon, Kerri Kenney, Joe Lo Truglio"
RENO911!  Season 5 Disk 1,RENO911 S5 D1,75%,TV-14,2008,Comedy,"Cedric Yarbough, Niecy Nash, Robert Ben Garant, Thomas Lennon, Carlos Alazraqui, Wendi McLendon, Kerri Kenney, Joe Lo Truglio"
RENO911!  Season 5 Disk 2,RENO911 S5 D2,75%,TV-14,2008,Comedy,"Cedric Yarbough, Niecy Nash, Robert Ben Garant, Thomas Lennon, Carlos Alazraqui, Wendi McLendon, Kerri Kenney, Joe Lo Truglio"
RENO911!  Season 5 Disk 3,RENO911 S5 D3,75%,TV-14,2008,Comedy,"Cedric Yarbough, Niecy Nash, Robert Ben Garant, Thomas Lennon, Carlos Alazraqui, Wendi McLendon, Kerri Kenney, Joe Lo Truglio"
RENO911!  Season 6 Disk 1,RENO911 S6 D1,75%,TV-14,2009,Comedy,"Cedric Yarbough, Niecy Nash, Robert Ben Garant, Thomas Lennon, Carlos Alazraqui, Wendi McLendon, Kerri Kenney, Joe Lo Truglio"
RENO911!  Season 6 Disk 2,RENO911 S6 D2,75%,TV-14,2009,Comedy,"Cedric Yarbough, Niecy Nash, Robert Ben Garant, Thomas Lennon, Carlos Alazraqui, Wendi McLendon, Kerri Kenney, Joe Lo Truglio"
Revenge of the Nerds,REVENGE OF THE NERDS,73%,R,1984,Comedy,"Robert Carradine, Anthony Edwards, Ted McGinley"
Rise of the Planet of the Apes,RISE OF THE PLANET OF THE APES,77%,PG-13,2011,Action Adventure,"James Franco, Freida Pinto, John Lithgow, Brian Cox, Tom Felton, David Oyelowo"
Road to Perdition,ROAD TO PERDITION,86%,R,2002,Drama Crime,"Tom Hanks, Paul Newman, Jude Law"
ROBOCOP,ROBOCOP 1,84%,R,1987,Action Sci-fi,"Peter Weller, Nancy Allen, Ronny Cox"
ROBOCOP 2,ROBOCOP 2,36%,R,1990,Action Sci-fi,"Peter Weller, Nancy Allen, Dan O'Herlihy, Belinda, Bauer"
ROBOCOP 3,ROBOCOP 3 4GB,15%,R,1993,Action Sci-fi,"Robert John Burke, Nancy Allen, Rip Torn, John Castle"
Rocker,ROCKER,46%,PG-13,2008,Comedy,"Rainn Wilson, Chrstina Applegate, Josh Gad"
Rocketman,ROCKETMAN,88%,R,2019,Drama,"Taron Egerton, Jamie Bell, Richard Madden, Gemma Jones"
ROCKY I,ROCKY I,69%,PG,1976,Drama,"Sylvester Stallone, Talia Shire, Burgess Meredith"
ROCKY II,ROCKY II,82%,PG,1979,Drama,"Sylvester Stallone, Talia Shire, Burgess Meredith"
ROCKY III,ROCKY III 4GB,74%,PG,1982,Drama,"Sylvester Stallone, Mr T, Talie Shire"
ROCKY IV,ROCKY IV 4GB,77%,PG,1985,Drama,"Sylvester Stallone, Talia Shire, Burt Young, Dolph Lundgren, Carl Weathers, Brigitte Nielsen, Tony Burton"
ROCKY - CREED,CREED,89%,PG-13,2015,Drama,"Sylvester Stallone, Michael B Jordan, Tessa Thompson, Phylicia Rashad, Andre Ward, Tony Bellew"
Role Models,ROLE MODELS,74%,R,2008,Comedy,"Seann William Scott, Paul Rudd, Christopher Mintz Plasse"
Roxanne,ROXANNE 4GB,63%,PG,1987,Comedy Romance,"Steve Martin, Daryl Hannah, Rick Rossovich"
Rupolph the Red-Nosed Reindeer,RUDOLPH THE RED-NOSED REINDEER 1964,82%,NR,1964,Christmas Family Cartoon,"Burl Ives, Larry D Mann, Billie Mae Richards"
Rudy,RUDY,90%,PG,1993,Drama,"Sean Astin, Ned Beatty, Charles S Dutton"
Run Fat Boy Run,RUN FAT BOY RUN,64%,PG-13,2007,Comedy Romance,"Simon Pegg, Thaniwe Newton, Hank Azaria, Dylan Moran, Harish Patel"
Runaway Bride,RUNAWAY BRIDE,53%,PG,1999,Comedy Romance,"Julia Roberts, Richard Gere, Joan Cusask"
Runaway Jury,RUNAWAY JURY,75%,PG-13,2003,Drama Mystery,"John Cusack, Gene Hackman, Dustin Hoffman"
Rush,RUSH,88%,R,2013,Action Drama,"Chris Hemsworth, Daniel Bruhl, Olivia Wilde"
RV,RV,45%,PG,2006,Comedy Family Kids,"Robin Williams, Jeff Daniels, Cheryl Hines"
Saturday Night Fever,SATURDAY NIGHT FEVER,71%,R,1977,Drama Music,"John Travolta. Karen Lynn Gorney, Barry Miller"
Saving Mr. Banks,SAVING MR BANKS,84%,PG-13,2013,Comedy Drama,"Emma Thompson, Tom Hanks, Paul Giamatti"
Scent of a Woman,SCENT OF A WOMAN,92%,R,1992,Drama,"Al Pacino, Chris O'Donnell, James Rebhorn"
Schindler's List,SCHINDLER'S LIST,97%,R,1993,Drama History,"Liam Neeson, Ben Kingsley, Ralph Fiennes"
School of Rock,SCHOOL OF ROCK,64%,PG-13,2003,Comedy,"Jack Black, Joan Cusack, Mike White"
Scrooge - A Christmas Carol - Jim Carrey,SCROOGE - A CHRISTMAS CAROL - JIM CARREY - 2010,58%,PG,2010,Christmas Drama Family,"Jim Carrey, Robin Wright Penn, Gary Oldman"
Scrooge by Charles Dickens (1935),SCROOGE 1935,54%,NR,1935,Christmas Drama,"Seymour Hicks, Donald Calthrop, Robert Cochran"
Scrooged,SCROOGED - BILL MURRAY 4GB,71%,PG-13,1988,Christmas Comedy Fantasy,"Bill Murray, Karen Allen, John Forsythe"
Seabiscuit,SEABISCUIT,76%,PG-13,2003,Drama,"Tobey Maguire, Jeff Bridges, Chris Cooper, Elizabeth Banks, Gary Stevens, William H Macy"
Searching for Sugar Man,SEARCHING FOR SUGAR MAN,92%,PG-13,2011,Documentary,"Stephen Segerman, Dennis Coffey, Mike Theodore"
Secret Life of Walter Mitty,SECRET LIFE OF WALTER MITTY,71%,PG,2013,Comedy Fantasy,"Ben Stiller, Kristen Wiig, Shirley MacLaine"
Selma,SELMA,86%,PG-13,2014,Drama History,"David Oyelowo, Tom Wilkinson, Carmen Ejogo, Cuba Gooding Jr"
Serial Mom,SERIAL MOM 4GB,72%,R,1994,Comedy,"Kathleen Turner, Sam Waterston, Ricki Lake"
Shallow Hal,SHALLOW HAL,45%,PG-13,2001,Comedy Romance,"Gwyneth Paltrow, Jack Black, Jason Alexander"
Shanghai Knights,SHANGHAI KNIGHTS,54%,PG-13,2003,Comedy Action,"Jackie Chan, Owen Wilson, Aaron Taylor Johnson"
Shaun of the Dead,SHAUN OF THE DEAD,93%,R,2004,Comedy Horror,"Simon Pegg, Kate Ashfield, Lucy Davis, Nick Frost, Dylan Moran, Bill Nighy"
Shawshank Redemption,SHAWSHANK REDEMPTION,98%,R,1994,Drama,"Tim Robbins, Morgan Freeman, Bob Gunton"
Sideways,SIDEWAYS,78%,R,2004,Comedy Drama,"Paul Giamatti, Thomas Haden Church, Virginia Madsen, Sandra Oh"
Silence of the Lambs,SILENCE OF THE LAMBS,95%,R,1991,Drama Crime,"Jodie Foster, Anthony Hopkins, Scott Glenn Ted Levine"
Silkwood,SILKWOOD,78%,R,1983,Drama,"Meryl Streep, Kurt Russell, Cher, Craig T Nelson"
Silver Linings Playbook,SILVER LININGS PLAYBOOK,86%,R,2012,Comedy Romance,"Bradley Cooper, Jennifer Lawrence, Robert De Niro"
Sister Act,SISTER ACT,65%,PG,1992,Comedy Musical,"Whoopi Goldberg, Maggie Smith, Kathy Najimy, Wendy Makkena, Mary Wickes"
Sixth Sense,SIXTH SENSE,90%,PG-13,1999,Mystery Thriller,"Bruce Willis, Haley Joel Osment, Toni Collette"
Sleepless In Seattle,SLEEPLESS IN SEATTLE,75%,PG,1993,Comedy Romance,"Tom Hanks, Meg Ryan, Bill Pullman"
Smokey and the Bandit,SMOKEY AND THE BANDIT 4GB,84%,PG,1977,Comedy,"Burt Reynolds, Sally Field, Jackie Gleason, Jerry Reed, Mike Henry, Paul Williams"
SNL - Adam Sandler,SNL - ADAM SANDLER 4GB,NR,NR,NR,Stand-up Comedy,Adam Sandler
SNL - Best of TV Funhouse,SNL - BEST OF TV FUNHOUSE,NR,NR,NR,Stand-up Comedy,Various
SNL - Chris Farley,SNL - CHRIS FARLEY 4GB,NR,NR,NR,Stand-up Comedy,Chris Farley
SNL - Commercial Parodies,SNL - COMMERCIAL PARODIES,NR,NR,NR,Stand-up Comedy,Various
SNL - Dana Carvey,SNL - DANA CARVEY,NR,NR,NR,Stand-up Comedy,Dana Carvey
SNL - Mike Myers,SNL - MIKE MYERS 4GB,NR,NR,NR,Stand-up Comedy,Mike Myers
SNL - Steve Martin,SNL - STEVE MARTIN 4GB,NR,NR,NR,Stand-up Comedy,Steve Martin
SNL - The Woman of Saturday Night Live,SNL - THE WOMEN OF SNL,NR,NR,NR,Stand-up Comedy,Various
Something's Gotta Give,SOMETHING'S GOTTA GIVE,69%,PG-13,2003,Comedy Romance,"Jack Nicholson, Diane Keaton, Keanu Reeves"
Sound of Music,SOUND OF MUSIC,91%,G,1965,Musical Family,"Julie Andrews, Christopher Plummer, Eleanor Parker, Richard Haydn"
Southpaw,SOUTHPAW,75%,R,2015,Drama,"Jake Gyllenhaal, Forest Whitaker, Naomie Harris"
Spanglish,SPANGLISH,60%,PG-13,2004,Comedy Drama,"Adam Sandler, Tea Leoni, Paz Vega, Cloris Leachman"
Speed,SPEED,76%,R,1994,Action Mystery,"Keanu Reeves, Dennis Hopper, Sandra Bullock, Joe Morton, Jeff Daniels, Alan Ruck"
Spider-Man,SPIDER-MAN 2002,90%,PG-13,2002,Action Fantasy,"Tobey Maguire, Willem Dafoe, Kirsten Dunst"
Spider-Man 2,SPIDER-MAN 2 2004,93%,PG-13,2004,Action Fantasy,"Tobey Maguire, James Franco, Kirsten Dunst"
Spider-Man 3,SPIDER-MAN 3 2007,63%,PG-13,2007,Action Fantasy,"Tobey Maguire, James Franco, Kirsten Dunst"
Spinal Tap,SPINAL TAP,92%,R,1984,Comedy,"Rob Reiner, Michael McKean, Christopher Guest, Harry Shearer"
Spotlight,SPOTLIGHT,93%,R,2015,Drama,"Michael Keaton, Mark Rufalo,Rachel McAdams"
Spy,SPY,78%,R,2015,Action Comedy,"Melissa McCarthy, Jason Statham, Rose Byrne"
St. Vincent,ST VINCENT,78%,PG-13,2014,Comedy Drama,"Bill Murray, Melissa McCarthy, Naomi Watts"
Stand By Me,STAND BY ME,94%,R,1986,Comedy Drama,"Will Wheaton, River Phoenix, Corey Feldman"
Star Wars: Episode I - The Phanton Menace ,STAR WARS I - THE PHANTOM MENACE,59%,PG,1999,Action Fantasy,"Liam Neeson, Ewan McGregor, Natalie Portman, Jake Lloyd"
Star Wars: Episode II - Attack of the Clones,STAR WARS II - ATTACK OF THE CLONES,56%,PG,2002,Action Fantasy,"Ewan McGregor, Natalie Portman, Hayden Christensen, Christopher Lee, Samuel L Jackson, Frank Oz"
Star Wars: Episode III - Revenge of the Sith,STAR WARS III - REVENGE OF THE SITH,66%,PG-13,2005,Action Fantasy,"Ewan McGregor, Natalie Portman, Hayden Christensen, Christopher Lee, Samuel L Jackson, Ian McDiarmid"
Star Wars: Episode IV - A New Hope,STAR WARS IV - A NEW HOPE,96%,PG,1977,Action Fantasy,"Mark Hamil, Harrison Ford, Carrie Fisher, Alec Guiness, Peter Cushing"
Star Wars: Episode V - The Empire Strikes Back,STAR WARS V - THE EMPIRE STRIKES BACK,97%,PG,1980,Action Fantasy,"Mark Hamil, Harrison Ford, Carrie Fisher, Billy Dee Williams, David Prowse"
Star Wars: Episode VI - Return of the Jedi,STAR WARS VI - RETURN OF THE JEDI,94%,PG,1983,Action Fantasy,"Mark Hamil, Harrison Ford, Carrie Fisher, Billy Dee Williams, Peter Mayhew"
Star Wars: Episode VII - The Force Awakens,STAR WARS VII - THE FORCE AWAKENS,85%,PG-13,2015,Adventure Fantasy,"Mark Hamil, Harrison Ford, Carrie Fisher"
Starsky and Hutch,STARSKY AND HUTCH,49%,PG-13,2004,Comedy,"Ben Stiller, Owen Wilson, Snoop Dog"
Steel Magnolias,STEEL MAGNOLIAS,89%,PG,1989,Comedy Drama,"Sally Field, Dolly Parton, Shirley MacLaine, Daryl Hannah, Olympia Dukakis, Julia Roberts"
Step Brothers,STEP BROTHERS,69%,R,2008,Comedy,"Will Ferrell, John C Reilly, Richard Jenkins, Mart Steenburgen, Adam Scott, Kathryn Hahn"
Sting,STING,95%,PG,1973,Comedy Drama,"Robert Redford, Paul Newman, Robert Shaw"
Strange Brew,STRANGE BREW 4GB,81%,PG,1983,Comedy,"Dave Thomas, Rick Moranis, Max von Sydow"
Stripes,STRIPES,88%,R,1981,Comedy,"Bill Murray, Harold Ramis, Warren Oates"
Suffragette,SUFFRAGETTE,68%,PG-13,2015,Drama Biography,"Carey Mulligan, Helena Bonham Carter, Brenda Gleeson"
Sully,SULLY,84%,PG-13,2016,Drama Biography,"Tom Hanks, Aaron Eckhart, Valerie Mahaffey"
Super 8 (Low-Def) cp,SUPER 8 4GB LOW-DEF CP,75%,PG-13,2011,Mystery Thriller,"Kyle Chandler, Elle Fanning, Joel Courtney"
Super Troopers,SUPER TROOPERS,90%,R,2001,Comedy,"Jay Chandrasekhai, Kevin Heffernan, Steve Lemme, Paul Soter, Erik Stolhanske, Brian Cox"
Superman: The Movie,SUPERMAN - THE MOVIE,86%,PG,1978,Action Adventure,"Christopher Reeve, Gene Hackman, Marlon Brando, Margot Kidder, Ned Beatty"
Superman II,SUPERMAN II,76%,PG,1980,Adventure Fantasy,"Christopher Reeve, Gene Hackman, Margot Kidder, Ned Beatty"
Swordfish,SWORDFISH,59%,R,2001,Mystery Thriller,"John Travolta, Hugh Jackman, Halle Berry"
Talladega Nights,TALLADEGA NIGHTS,73%,PG-13,2006,Comedy,"Will Ferrell, John C Reilly, Sacha Baron Cohen"
Tenacious D - The Pick of Destiny,TENACIOUS D - THE PICK OF DESTINY,67%,R,2006,Comedy,"Jack Black,Kyle Gass, JR Reed, Tim Robbins, Ben Stiller"
Terminal,TERMINAL,74%,PG-13,2004,Comedy Drama,"Tom Hanks, Catherine Zeta-Jones, Stanley Tucci"
Terms of Endearment,TERMS OF ENDEARMENT,83%,PG,1983,Comedy Drama,"Shirley MacLaine, Debra Winger, Jack Nicholson"
Terri,TERRI,60%,R,2011,Comedy Drama,"Jacob Wysocki, John C Reilly, Creed Bratton"
The Big Bounce,THE BIG BOUNCE,24%,PG-13,2004,Comedy Drama,"Owen Wilson, Morgan Freeman, Gary Sinise"
The Big Short,THE BIG SHORT,88%,R,2015,Comedy Drama,"Steve Carrell, Ryan Gosling, Christian Bale, Brad Pitt, Marisa Tomei, Hamish Linklater"
The Big Year,THE BIG YEAR,41%,PG,2001,Comedy,"Steve Martin, Jack Black, Owen Wilson"
The Birdcage,THE BIRDCAGE 4GB,81%,R,1996,Comedy,"Robin Williams, Gene Hackman, Nathan Lane, Dianne West, Hank Azaria, Christine Baranski"
The Cable Guy,THE CABLE GUY 4GB,51%,PG-13,1996,Comedy,"Jim Carrey, Mathew Broderick, Leslie Mann, Jack Black, George Segal, Diane Baker"
The Campaign,THE CAMPAIGN,51%,R,2012,Comedy,"Will Ferrell, Zach Galifianakis, Ioana Chitu"
The Conspirator,THE CONSPIRATOR,62%,PG-13,2010,Mystery Thriller,"James McAvoy, Robin Wright, Kevin Kline, Evan Rachel Wood, Danny Huston, Tom Wilkinson"
The Current War,THE CURRENT WAR,79%,PG-13,2019,Drama Biography,"Benedict Cumberbatch, Michael Shannon Nicholas Hoult"
The Fast and the Furious ( 2001),THE FAST AND THE FURIOUS 2001,74%,PG-13,2001,Adventure Action,"Vin Diesel, Paul Walker, Michelle Rodriguez"
The Fisher King,THE FISHER KING,85%,R,1991,Comedy Drama,"Robin Williams, Jeff Bridges, Amanda Plummer"
The Founder,THE FOUNDER,82%,PG-13,2016,Drama Biography,"Michael Keaton, Nick Offerman, John Carroll Lynch"
The Graduate,THE GRADUATE,90%,PG,1967,Comedy Drama,"Dustin Hoffman, Anne Bancroft, Katharine Ross"
The Help,THE HELP,89%,PG-13,2011,Drama,"Viola Davis, Emma Stone, Bryce Dallas Howard"
The Incredible Hulk,THE INCREDIBLE HULK,70%,PG-13,2008,Sci-fi Fantasy,"Ed Norton, Liv Tyler, Tim Roth, William Hurt"
The Informant,THE INFORMANT,44%,R,2009,Comedy Crime,"Matt Damon, Scott Bakula, Joel McHale"
The Intern,THE INTERN,73%,PG-13,2015,Comedy Drama,"Robert De Niro, Anne Hathaway, Rene Russo"
The Interview,THE INTERVIEW,48%,R,2014,Action Adventure,"James Franco, Seth Rogen, Lizzy Caplan, Randall Park, Diana Bang, Timothy Simons"
The Jerk,THE JERK,84%,R,1979,Comedy,"Steve Martin, Bernadette Peters, Catlin Adams, Mabel King, Richard Ward"
The King's Speech,THE KING'S SPEECH,92%,R,2010,Drama History,"Colin Firth, Geoffrey Rush, Helena Bonham Carter"
The Other Guys,THE OTHER GUYS,60%,PG-13,2010,Comedy Action,"Will Ferrell, Mark Wahlberg, Eva Mendes"
The Polar Express,THE POLAR EXPRESS,63%,G,2004,Christmas Family Fantasy,"Tom Hanks, Michael Jeter, Nona Gaye"
The Producers,THE PRODUCERS,85%,NR,1968,Comedy,"Zero Mostel, Gene Wilder, Dick Shawn, Kenneth Mars, Estelle Winwood, Christopher Hewett"
The Reader,THE READER,79%,R,2008,Drama Romance,"Kate Winslet, Ralph Fiennes, David Kross"
The Replacements,THE REPLACEMENTS,66%,PG-13,2000,Comedy,"Keanu Reeves, Gene Hackman, Orlando Jones"
The Royal Tenenbaums,THE ROYAL TENENBAUMS,89%,R,2001,Comedy Drama,"Gene Hackman, Anjelica Huston, Ben Stiller"
The Santa Clause,THE SANTA CLAUSE - TIM ALLEN,65%,PG,1994,Christmas Comedy Family,"Tim Allen, Judge Reinhold, Wendy Crewson"
The Score,THE SCORE,67%,R,2001,Mystery Thriller,"Robert De Niro, Ed Norton, Angela Bassett"
The Sessions,THE SESSIONS,80%,R,2012,Biography Comedy,"John Hawkes, Helen Hunt, William H Macy"
The Shining,THE SHINING,93%,R,1980,Mystery Thriller,"Jack Nicholson, Shelley Duvall, Danny Lloyd"
The Theory of Everything,THE THEORY OF EVERYTHING,84%,PG-13,2014,Drama Biography,"Eddie Redmayne, Felicity Jones, Emily Watson, David Thewlis, Charlie Cox, Simon Mc Burney"
The Thomas Crown Affair 1968,THE THOMAS CROWN AFFAIR 1968 4GB,74%,R,1968,Drama Romance,"Steve McQueen, Faye Dunaway, Paul Burke, Jack Weston, Biff McGuire, Yaphet Kotto"
The Thomas Crown Affair 1999,THE THOMAS CROWN AFFAIR 1999 4GB,77%,R,1999,Drama Crime,"Pierce Brosnan Renee Russo, Denis Leary, Ben Gazzara"
The Visitor (Low-Def),THE VISITOR 4GB,84%,PG-13,2007,Drama,"Richard Jenkins, Hiam Abbass, Haaz Sleiman, Danai Gurira"
The Watch,THE WATCH,39%,R,2012,Comedy Sci-fi,"Ben Stiller, Vince Vaughn, Jonah Hill"
The Way,THE WAY,83%,PG-13,2010,Drama,"Martin Sheen, Emilio Estevez, James Nesbitt"
The Weatherman,THE WEATHERMAN,56%,R,2005,Comedy Drama,"Nicolas Cage, Michael Caine, Hope Davis"
The Whole Nine Yards,THE WHOLE NINE YARDS 4GB,64%,R,2000,Comedy,"Bruce Willis, Matthew Perry, Rosana Arquette, Michael Clarke Duncan, Natasha Henstridge, Amanda Peet"
The World Wars D1,THE WORLD WARS D1,79%,TV-14,2014,"TV Series, Documentary, War","Maximilian Klas, Jacopo Rampini, Nabil Vinas, Don Meehan, Don Hartman, Ian Beyts, Jonathan Hartman, Dean Gosdin, Hugh Scully, Joseph Barbarino"
The World Wars D2,THE WORLD WARS D2,79%,TV-14,2014,"TV Series, Documentary, War","Maximilian Klas, Jacopo Rampini, Nabil Vinas, Don Meehan, Don Hartman, Ian Beyts, Jonathan Hartman, Dean Gosdin, Hugh Scully, Joseph Barbarino"
Thelma & Louise,THELMA AND LOUISE,82%,R,1991,Comedy Drama,"Susan Sarandon, Geena Davis, Harvey Keitel"
There's Something About Mary,THERE'S SOMETHING ABOUT MARY,61%,R,1998,Comedy Romance,"Cameron Diaz, Matt Dillon, Ben Stiller"
Three Amigos,THREE AMIGOS 4GB,67%,PG,1986,Comedy,"Steve Martin, Martin Short, Chevy Chase"
Tin Men,TIN MEN,64%,R,1987,Comedy,"Richard Dreyfuss, Danny DeVito, Barbara Hershey"
Tinker Tailor Soldier Spy,TINKER TAILOR SOLDIER SPY,65%,R,2011,Mystery Thriller,"Gary Oldman, Kathy Burke, Benedict Cumberbatch, David Dencik, Colin Firth, Stephen Graham"
To Kill A Mockingbird,TO KILL A MOCKINGBIRD,92%,NR,1962,Drama,"Gregory Peck, Mary Badham, Phillip Alford"
Tootsie,TOOTSIE,81%,PG,1982,Comedy,"Dustin Hoffman, Jessica Lange, Terri Garr, Dabney Coleman, Bill Murray, Charles Durning"
Tower Heist,TOWER HEIST,48%,PG-13,2011,Comedy Adventure,"Ben Stiller, Eddie Murphy, Casey Affleck"
Trading Places,TRADING PLACES,84%,R,1983,Comedy,"Dan Aykroyd, Eddie Murphy, Ralph Bellamy"
Trainwreck,TRAINWRECK,66%,R,2015,Comedy,"Amy Schumer, Bill Hader, Brie Larson"
Transformers,TRANSFORMERS,85%,PG-13,2007,Adventure Sci-fi,"Shia LaBeouf, Tyrese Gibson, Josh Duhamel, Anthony Anderson"
Transformers - Age of Extinction,TRANSFORMERS - AGE OF EXTINCTION,50%,PG-13,2014,Adventure Sci-fi,"Mark Wahlberg, Stanley Tucci, Li Bingbing"
Transformers - Revenge of the Fallen,TRANSFORMERS - REVENGE OF THE FALLEN,57%,PG-13,2009,Adventure Sci-fi,"Shia LaBeouf, Megan Fox, Josh Duhamel, Tyrese Gibson"
Tropic Thunder,TROPIC THUNDER,70%,R,2008,Comedy Action,"Ben Stiller, Jack Black, Robert Downey Jr"
Trouble with the Curve,TROUBLE WITH THE CURVE,66%,PG-13,2012,Drama,"Clint Eastwood, Amy Adams, Justin Timberlake"
Truman Show,TRUMAN 4GB,89%,PG,1998,Comedy Drama,"Jim Carrey, Laura Linney, Noah Emmerich, Natascha McElhone"
Turner And Hooch,TURNER AND HOOCH,51%,PG,1989,Comedy Drama,"Tom Hanks, Mare Winninghan, Craig T Nelson"
Unbroken,UNBROKEN,70%,PG-13,2014,Drama History,"Jack O'Connell, Domhnall, Gleeson, Garrett Hedlund"
Uncle Buck,UNCLE BUCK + GREAT OUTDOORS,76%,PG,1989,Comedy,"John Candy, Amy Madigan, Jean Louisa Kelly"
Under The Tuscan Sun,UNDER THE TUSCAN SUN,78%,PG-13,2003,Comedy Romance,"Diane Lane, Sandra Oh, Lindsay Duncan"
Vacation (National Lampoon's),VACATION,93%,R,1983,Comedy,"Chevy Chase, Beverly D'Angelo, Christie Brinkley, Anthony Michael Hall, Randy Quaid"
Van Wilder,VAN WILDER,73%,R,2002,Comedy,"Ryan Reynolds, Tara Reid, Tim Matheson"
Vegas Vacation (National Lampoon's),VEGAS VACATION 4GB,51%,PG,1997,Comedy,"Chevy Chase, Beverly D'Angelo, Randy Quaid"
Vice,VICE,60%,R,2018,Drama Biography,"Christian Bale, Amy Adams, Steve Carell"
W,W,42%,PG-13,2008,Comedy Drama,"Josh Brolin, Elizabeth Banks, Ellen Burstyn, James Cromwell, Toby Jones, Richard Dreyfuss"
Wagons East!,WAGONS EAST 4GB,32%,PG-13,1994,Comedy Western,"John Candy, Richard Lewis, John C McGinley, Ellen Greene"
Waiting for Guffman,WAITING FOR GUFFMAN 4GB,91%,R,1996,Comedy,"Christopher Guest, Eugene Levy, Fred Willard"
Waitress,WAITRESS,74%,PG-13,2007,Comedy Drama,"Keri Russell, Nathan Fillion, Cheryl Hines"
Waking Ned Devine,WAKING NED DEVINE,88%,PG,1998,Comedy,"Ian Bannen, David Kelly, Fionnula Flanagan, Susan Lynch, James Nesbitt"
Walk Hard - The Dewey Cox Story,WALK HARD - THE DEWEY COX STORY,57%,R,2007,Comedy,"John C Reilly, Jenna Fischer, Raymond J Barry"
Walk the Line,WALK THE LINE,90%,PG-13,2005,Drama Biography,"Joaquin Phoenix, Reese Witherspoon, Ginnifer Goodwin"
Wall Street,WALL STREET,81%,R,1987,Drama,"Michael Douglas, Charlie Sheen, Martin Sheen"
Wall Street: Money Never Sleeps,WALL STREET MONEY NEVER SLEEPS,44%,PG-13,2010,Drama,"Michael Douglas, Shia laBeouf, Josh Brolin, Carey Mulligan, Eli Wallach, Susan Sarandon"
War for the Planet of the Apes,WAR FOR PLANET OF THE APES,84%,PG-13,2017,Action Adventure,"Andy Serkis, Woody Harrelso, Steve Zahn"
War Horse,WAR HORSE,74%,PG-13,2011,Drama War,"Emily Watson, David Thewlis, Jeremy Irvine"
Waterboy,WATERBOY 4GB,71%,PG-13,1998,Comedy,"Adam Sandler, Kathy Bates, Henry Winkler, Fairuza Bulk, Jerry Reed"
We Are Marshall,WE ARE MARSHALL,79%,PG,2006,Drama,"Matthew McConaughhey, Matthew Fox, Ian McShane, Anthony Mackie, Kate Mara, David Strathairn"
We Were Soldiers,WE WERE SOLDIERS,84%,R,2002,Drama War,"Mel Gibson, Madeleine Stowe, Greg Kinnear"
Wedding Crashers,WEDDING CRASHERS,70%,R,2005,Comedy,"Owen Wilson, Vince Vaughn, Christopher Walken, Rachel McAdams, Isla Fisher, Jane Seymour, Keir O'Donnell, Bradley Cooper, Henry Gibson"
Wedding Singer,WEDDING SINGER 4GB,80%,PG-13,1998,Comedy Romance,"Adam Sandler, Drew Barrymore, Christine Taylor"
What About Bob?,WHAT ABOUT BOB 4GB,79%,PG,1991,Comedy,"Bill Murray. Richard Dreyfuss, Julie Hagerty, Charlie Korsmo, Kathryn Erbe, Tom Aldredge"
Whiplash,WHIPLASH,94%,R,2014,Drama Music,"Miles Teller, JK Simmons, Melissa Benoist"
White Christmas,WHITE CHRISTMAS,88%,NR,1954,Christmas Comedy Family,"Bing Crosby, Danny Kaye, Rosemary Clooney"
White House Down,WHITE HOUSE DOWN,62%,PG-13,2013,Action Mystery,"Channing Tatum, Jamie Fox, Maggie Gyllenhaal"
Wild Hogs,WILD HOGS,61%,PG-13,2007,Comedy,"Tim Allen, John Travolta, Martin Lawrence"
Win Win,WIN WIN,85%,R,2011,Comedy Drama,"Paul Giamatti, Amy Ryan, Bobby Cannavale"
You Don't Mess with the Zohan,YOU DON'T MESS WITH THE ZOHAN,45%,PG-13,2008,Comedy,"Adam Sandler, John Turturro, Emmanuelle Chriqui"
"You, Me and Dupree","YOU, ME AND DUPREE",50%,PG-13,2006,Comedy,"Owen Wilson, Kate Hudson, Matt Dillion"
Young Frankenstein,YOUNG FRANKENSTEIN,92%,PG,1974,Comedy,"Gene Wilder, Peter Boyle, Cloris Leachman, Marty Feldman, Madeline Kahn, Teri Garr"
You're Welcome America,YOU'RE WELCOME AMERICA,62%,NR,2009,Comedy,"Will Ferrell, Michael Delaney, Pia Glen"
You've Got Mail,YOU'VE GOT MAIL 4GB,73%,PG,1998,Comedy Romance,"Tom Hanks, Meg Ryan, Parker Posey"
Zach Galifianakis: Live at the Purple Onion,ZACH GALIFIANAKIS 4GB,76%,NR,2007,Stand-up Comedy,"Zach Galifianakis, Owen Wilson, Kristen Wiig"
Zoolander,ZOOLANDER,80%,PG-13,2001,Comedy,"Ben Stiller, Owen Wilson, Will Ferrell"
Zoolander 2,ZOOLANDER 2,20%,PG-13,2016,Comedy,"Ben Stiller, Owen Wilson, Will Ferrell"
